bet_side,bets,wins,losses,pushes,flat_profit,rec_profit,kelly_profit,flat_risk,rec_risk,kelly_risk,win_rate,flat_roi,rec_roi,kelly_roi
over,98,42,56,0,-15.4108,-16.4599,-8.406176,98.0,104.5,50.25,0.42857142857142855,-0.1572530612244898,-0.15751100478468902,-0.16728708457711444
under,104,60,44,0,10.8213,16.213,9.305133000000001,104.0,129.5,63.59,0.5769230769230769,0.10405096153846155,0.1251969111969112,0.14633013052366725
