bet_side,bets,wins,losses,pushes,flat_profit,rec_profit,kelly_profit,flat_risk,rec_risk,kelly_risk,win_rate,flat_roi,rec_roi,kelly_roi
over,123,53,70,0,-18.6429,-17.617449999999998,-8.705941000000001,123.0,131.5,62.38,0.43089430894308944,-0.15156829268292685,-0.13397300380228136,-0.13956301699262585
under,127,71,56,0,9.6685,10.110400000000002,5.945404000000001,127.0,161.5,78.58,0.5590551181102362,0.07612992125984251,0.06260309597523221,0.07566052430643931
