metric,value
total_bets,168.0
wins,87.0
losses,81.0
pushes,0.0
win_rate,0.5178571428571429
flat_profit,1.9312000000000005
flat_roi,0.011495238095238098
recommended_profit,3.1536500000000025
recommended_roi,0.016049109414758282
kelly_profit,2.383618000000002
kelly_roi,0.02491760401421704
