metric,value
total_bets,106.0
wins,53.0
losses,53.0
pushes,0.0
win_rate,0.5
flat_profit,-1.5351999999999988
flat_roi,-0.014483018867924517
recommended_profit,-2.6157499999999985
recommended_roi,-0.021707468879668037
kelly_profit,-1.622959999999999
kelly_roi,-0.02763896457765666
