line,bets,wins,losses,pushes,flat_profit,rec_profit,kelly_profit,flat_risk,rec_risk,kelly_risk,win_rate,flat_roi,rec_roi,kelly_roi
3.5,25,9,16,0,-7.4067,-7.29935,-4.3300350000000005,25.0,25.5,13.71,0.36,-0.296268,-0.2862490196078431,-0.31583041575492343
4.5,31,13,18,0,-4.174300000000001,-7.352150000000001,-3.421201,31.0,35.0,15.75,0.41935483870967744,-0.13465483870967743,-0.2100614285714286,-0.2172191111111111
5.5,27,16,11,0,4.612,5.235900000000001,2.6322080000000003,27.0,32.5,15.55,0.5925925925925926,0.1708148148148148,0.1611046153846154,0.1692738263665595
6.5,13,6,7,0,-0.9333,0.7570000000000001,0.3929509999999999,13.0,16.5,7.72,0.46153846153846156,-0.0717923076923077,0.04587878787878789,0.05090038860103625
7.5,6,5,1,0,2.9083,2.07405,1.187967,6.0,6.5,3.71,0.8333333333333334,0.4847166666666667,0.3190846153846154,0.3202067385444744
