metric,value
total_bets,196.0
wins,98.0
losses,98.0
pushes,0.0
win_rate,0.5
flat_profit,-5.673299999999999
flat_roi,-0.028945408163265303
recommended_profit,-0.15729999999999578
recommended_roi,-0.0007006681514476426
kelly_profit,0.5605039999999986
kelly_roi,0.005127655292287975
