line,bets,wins,losses,pushes,flat_profit,rec_profit,kelly_profit,flat_risk,rec_risk,kelly_risk,win_rate,flat_roi,rec_roi,kelly_roi
3.5,51,24,27,0,-4.1819,-1.8950499999999997,-1.9773090000000002,51.0,56.5,28.15,0.47058823529411764,-0.08199803921568627,-0.03354070796460176,-0.07024188277087035
4.5,75,33,42,0,-7.8274,-10.4465,-5.4392190000000005,75.0,79.0,36.41,0.44,-0.10436533333333334,-0.13223417721518987,-0.14938805273276576
5.5,66,35,31,0,2.6833000000000005,2.8034000000000012,2.2597640000000006,66.0,78.0,35.3,0.5303030303030303,0.04065606060606061,0.03594102564102566,0.06401597733711051
6.5,42,20,22,0,-5.2726999999999995,-6.8651,-2.596185,42.0,58.0,29.47,0.47619047619047616,-0.12554047619047617,-0.11836379310344827,-0.08809586019681033
7.5,16,12,4,0,5.6243,8.8962,4.992412,16.0,21.5,11.63,0.75,0.35151875,0.41377674418604654,0.42927016337059326
