edge_bucket,bets,wins,losses,pushes,avg_edge,flat_profit,rec_profit,kelly_profit,flat_risk,rec_risk,kelly_risk,win_rate,flat_roi,rec_roi,kelly_roi
0-5%,0,0,0,0,,0.0,0.0,0.0,0.0,0.0,0.0,,,,
5-7.5%,23,12,11,0,0.06315652173913043,2.0349999999999997,1.0174999999999998,-0.17453900000000022,23.0,11.5,7.57,0.5217391304347826,0.0884782608695652,0.0884782608695652,-0.02305667107001324
7.5-10%,15,9,6,0,0.0879,2.47,2.47,1.1860240000000002,15.0,15.0,6.91,0.6,0.16466666666666668,0.16466666666666668,0.17163878437047758
10-15%,19,7,12,0,0.12262631578947368,-5.9878,-8.9817,-3.342236,19.0,28.5,12.75,0.3684210526315789,-0.3151473684210526,-0.3151473684210526,-0.2621361568627451
15%+,13,7,6,0,0.18922307692307694,0.8776000000000002,1.7552000000000003,1.1478320000000006,13.0,26.0,12.48,0.5384615384615384,0.06750769230769232,0.06750769230769232,0.09197371794871799
