line,bets,wins,losses,pushes,flat_profit,rec_profit,kelly_profit,flat_risk,rec_risk,kelly_risk,win_rate,flat_roi,rec_roi,kelly_roi
3.5,48,21,27,0,-6.7398,-4.5073,-3.0469160000000004,48.0,53.5,26.9,0.4375,-0.1404125,-0.08424859813084112,-0.11326825278810411
4.5,68,33,35,0,-0.8274000000000001,-2.946500000000001,-2.099219,68.0,71.5,33.07,0.4852941176470588,-0.012167647058823531,-0.04120979020979022,-0.0634780465678863
5.5,65,35,30,0,3.6833000000000005,3.8034000000000012,2.6497640000000002,65.0,77.0,34.910000000000004,0.5384615384615384,0.05666615384615385,0.049394805194805214,0.07590272128329992
6.5,38,19,19,0,-2.9055999999999997,-2.81445,-1.1437690000000003,38.0,51.5,26.45,0.5,-0.07646315789473683,-0.054649514563106794,-0.04324268431001892
7.5,16,12,4,0,5.6243,8.8962,4.992412,16.0,21.5,11.63,0.75,0.35151875,0.41377674418604654,0.42927016337059326
