edge_bucket,bets,wins,losses,pushes,avg_edge,flat_profit,rec_profit,kelly_profit,flat_risk,rec_risk,kelly_risk,win_rate,flat_roi,rec_roi,kelly_roi
0-5%,0,0,0,0,,0.0,0.0,0.0,0.0,0.0,0.0,,,,
5-7.5%,63,33,30,0,0.06306825396825397,1.1238,0.5619,-0.06691300000000061,63.0,31.5,21.1,0.5238095238095238,0.017838095238095236,0.017838095238095236,-0.0031712322274881806
7.5-10%,41,18,23,0,0.0876609756097561,-5.5473,-5.5473,-2.76694,41.0,41.0,18.89,0.43902439024390244,-0.1353,-0.1353,-0.1464764425622022
10-15%,47,23,24,0,0.12124893617021276,-3.3611999999999997,-5.0418,-0.8353940000000004,47.0,70.5,30.45,0.48936170212765956,-0.07151489361702128,-0.07151489361702128,-0.027434942528735646
15%+,37,21,16,0,0.1850972972972973,4.4056,8.8112,4.514168000000001,37.0,74.0,35.23,0.5675675675675675,0.11907027027027026,0.11907027027027026,0.1281342038035765
