bet_side,bets,wins,losses,pushes,flat_profit,rec_profit,kelly_profit,flat_risk,rec_risk,kelly_risk,win_rate,flat_roi,rec_roi,kelly_roi
over,87,39,48,0,-10.392,-11.2317,-6.185580000000001,87.0,92.5,44.88,0.4482758620689655,-0.11944827586206896,-0.12142378378378378,-0.13782486631016044
under,93,52,41,0,7.4774,10.412450000000002,6.688840000000001,93.0,115.0,56.5,0.5591397849462365,0.08040215053763441,0.09054304347826088,0.11838654867256639
