edge_bucket,bets,wins,losses,pushes,avg_edge,flat_profit,rec_profit,kelly_profit,flat_risk,rec_risk,kelly_risk,win_rate,flat_roi,rec_roi,kelly_roi
0-5%,0,0,0,0,,0.0,0.0,0.0,0.0,0.0,0.0,,,,
5-7.5%,35,18,17,0,0.06371428571428571,1.2019000000000002,0.6009500000000001,-0.5229490000000003,35.0,17.5,11.69,0.5142857142857142,0.03434,0.03434,-0.044734730538922185
7.5-10%,23,10,13,0,0.08734782608695651,-3.29,-3.29,-1.742376,23.0,23.0,10.6,0.43478260869565216,-0.14304347826086958,-0.14304347826086958,-0.16437509433962263
10-15%,25,11,14,0,0.12055999999999999,-3.8326,-5.7489,-2.40368,25.0,37.5,16.34,0.44,-0.153304,-0.153304,-0.14710403916768666
15%+,19,10,9,0,0.18548421052631578,0.9267000000000003,1.8534000000000006,1.1308950000000006,19.0,38.0,17.81,0.5263157894736842,0.04877368421052633,0.04877368421052633,0.06349775407074681
