line,bets,wins,losses,pushes,flat_profit,rec_profit,kelly_profit,flat_risk,rec_risk,kelly_risk,win_rate,flat_roi,rec_roi,kelly_roi
3.5,42,17,25,0,-8.4461,-10.18535,-5.6309190000000005,42.0,45.5,22.6,0.40476190476190477,-0.20109761904761903,-0.22385384615384615,-0.24915570796460176
4.5,51,24,27,0,-2.0546000000000006,-4.750500000000001,-2.1761790000000003,51.0,53.0,24.2,0.47058823529411764,-0.04028627450980393,-0.08963207547169813,-0.08992475206611572
5.5,49,26,23,0,1.4270000000000005,2.1989500000000013,2.1430300000000004,49.0,57.5,27.0,0.5306122448979592,0.029122448979591847,0.03824260869565219,0.0793714814814815
6.5,32,18,14,0,1.5197000000000003,4.3235,2.423483,32.0,42.0,21.56,0.5625,0.04749062500000001,0.1029404761904762,0.11240644712430428
7.5,14,10,4,0,4.1749,7.1974,4.0855060000000005,14.0,19.0,10.31,0.7142857142857143,0.29820714285714284,0.3788105263157895,0.3962663433559651
