metric,value
total_bets,63.0
wins,33.0
losses,30.0
pushes,0.0
win_rate,0.5238095238095238
flat_profit,2.1713999999999993
flat_roi,0.03446666666666666
recommended_profit,-1.9623999999999988
recommended_roi,-0.026165333333333318
kelly_profit,-0.046014999999999195
kelly_roi,-0.0012463434452870854
