line,bets,wins,losses,pushes,flat_profit,rec_profit,kelly_profit,flat_risk,rec_risk,kelly_risk,win_rate,flat_roi,rec_roi,kelly_roi
3.5,25,9,16,0,-7.4067,-7.29935,-4.3300350000000005,25.0,25.5,13.71,0.36,-0.296268,-0.2862490196078431,-0.31583041575492343
4.5,33,15,18,0,-2.3849000000000005,-5.887450000000001,-2.640359,33.0,36.5,16.62,0.45454545454545453,-0.07226969696969698,-0.16130000000000003,-0.15886636582430805
5.5,28,17,11,0,5.632000000000001,6.765900000000001,3.234008,28.0,34.0,16.14,0.6071428571428571,0.20114285714285715,0.19899705882352944,0.20037224287484512
6.5,14,7,7,0,-0.28390000000000004,1.7311,0.9254589999999998,14.0,18.0,8.54,0.5,-0.02027857142857143,0.09617222222222223,0.1083675644028103
7.5,6,5,1,0,2.9083,2.07405,1.187967,6.0,6.5,3.71,0.8333333333333334,0.4847166666666667,0.3190846153846154,0.3202067385444744
