metric,value
total_bets,56.0
wins,30.0
losses,26.0
pushes,0.0
win_rate,0.5357142857142857
flat_profit,3.4537999999999998
flat_roi,0.061674999999999994
recommended_profit,-1.8975999999999988
recommended_roi,-0.029883464566929117
kelly_profit,0.04055300000000073
kelly_roi,0.001300609364977573
