edge_bucket,bets,wins,losses,pushes,avg_edge,flat_profit,rec_profit,kelly_profit,flat_risk,rec_risk,kelly_risk,win_rate,flat_roi,rec_roi,kelly_roi
0-5%,0,0,0,0,,0.0,0.0,0.0,0.0,0.0,0.0,,,,
5-7.5%,76,39,37,0,0.06309736842105262,0.11060000000000003,0.055300000000000016,-0.5156310000000006,76.0,38.0,25.32,0.5131578947368421,0.0014552631578947373,0.0014552631578947373,-0.020364573459715665
7.5-10%,48,21,27,0,0.08803333333333334,-6.2873,-6.2873,-3.0415399999999995,48.0,48.0,21.9,0.4375,-0.13098541666666666,-0.13098541666666666,-0.13888310502283102
10-15%,66,36,30,0,0.12078636363636364,2.7193000000000005,4.07895,2.8120249999999993,66.0,99.0,42.28,0.5454545454545454,0.041201515151515156,0.04120151515151515,0.06650957899716176
15%+,45,24,21,0,0.18709777777777778,2.2922000000000002,4.5844000000000005,2.097418000000001,45.0,90.0,43.46,0.5333333333333333,0.05093777777777778,0.05093777777777778,0.04826088357109989
