metric,value
total_bets,235.0
wins,120.0
losses,115.0
pushes,0.0
win_rate,0.5106382978723404
flat_profit,-1.1651999999999987
flat_roi,-0.00495829787234042
recommended_profit,2.431350000000003
recommended_roi,0.008841272727272738
kelly_profit,1.3522720000000004
kelly_roi,0.010170517448856803
