metric,value
total_bets,70.0
wins,35.0
losses,35.0
pushes,0.0
win_rate,0.5
flat_profit,-0.6052
flat_roi,-0.008645714285714284
recommended_profit,-3.738999999999999
recommended_roi,-0.04616049382716048
kelly_profit,-1.1829189999999996
kelly_roi,-0.02978894485016368
