bet_side,bets,wins,losses,pushes,flat_profit,rec_profit,kelly_profit,flat_risk,rec_risk,kelly_risk,win_rate,flat_roi,rec_roi,kelly_roi
over,67,30,37,0,-8.386000000000001,-8.9496,-4.872126000000001,67.0,70.0,34.69,0.44776119402985076,-0.12516417910447764,-0.1278514285714286,-0.1404475641395215
under,71,39,32,0,5.0589,3.9643500000000014,3.042217000000001,71.0,89.0,43.64,0.5492957746478874,0.07125211267605634,0.044543258426966305,0.06971166361136574
