edge_bucket,bets,wins,losses,pushes,avg_edge,flat_profit,rec_profit,kelly_profit,flat_risk,rec_risk,kelly_risk,win_rate,flat_roi,rec_roi,kelly_roi
0-5%,0,0,0,0,,0.0,0.0,0.0,0.0,0.0,0.0,,,,
5-7.5%,68,34,34,0,0.06337205882352942,-1.8362,-0.9181,-1.1033130000000007,68.0,34.0,22.830000000000002,0.5,-0.02700294117647059,-0.02700294117647059,-0.04832733245729306
7.5-10%,42,18,24,0,0.08774047619047619,-6.5473,-6.5473,-3.22694,42.0,42.0,19.35,0.42857142857142855,-0.15588809523809524,-0.15588809523809524,-0.16676692506459947
10-15%,52,28,24,0,0.12061153846153846,0.7390000000000004,1.1085,1.7621359999999995,52.0,78.0,33.75,0.5384615384615384,0.01421153846153847,0.014211538461538461,0.05221143703703702
15%+,40,22,18,0,0.1834925,3.055,6.11,3.4670740000000007,40.0,80.0,37.91,0.55,0.076375,0.076375,0.09145539435505147
