metric,value
total_bets,213.0
wins,105.0
losses,108.0
pushes,0.0
win_rate,0.49295774647887325
flat_profit,-9.638599999999997
flat_roi,-0.04525164319248825
recommended_profit,-5.820549999999997
recommended_roi,-0.023422736418511055
kelly_profit,-1.6156139999999999
kelly_roi,-0.013438812177674264
