bet_side,bets,wins,losses,pushes,flat_profit,rec_profit,kelly_profit,flat_risk,rec_risk,kelly_risk,win_rate,flat_roi,rec_roi,kelly_roi
over,39,17,22,0,-5.541,-7.1543,-3.4837590000000005,39.0,43.0,21.330000000000002,0.4358974358974359,-0.14207692307692307,-0.16637906976744185,-0.1633267229254571
under,31,18,13,0,4.9358,3.4153000000000002,2.30084,31.0,38.0,18.38,0.5806451612903226,0.1592193548387097,0.08987631578947369,0.1251817192600653
