metric,value
total_bets,241.0
wins,122.0
losses,119.0
pushes,0.0
win_rate,0.5062240663900415
flat_profit,-3.6989999999999963
flat_roi,-0.015348547717842309
recommended_profit,0.6306500000000037
recommended_roi,0.0022363475177305096
kelly_profit,0.6348370000000012
kelly_roi,0.004657986646122247
