line,bets,wins,losses,pushes,flat_profit,rec_profit,kelly_profit,flat_risk,rec_risk,kelly_risk,win_rate,flat_roi,rec_roi,kelly_roi
3.5,52,25,27,0,-3.5568999999999997,-1.2700499999999997,-1.6460590000000002,52.0,57.5,28.68,0.4807692307692308,-0.06840192307692307,-0.022087826086956516,-0.0573939679218968
4.5,78,34,44,0,-8.6674,-11.2865,-5.863619000000001,78.0,82.0,37.72,0.4358974358974359,-0.11112051282051283,-0.13764024390243904,-0.15545119300106047
5.5,71,38,33,0,2.9917000000000007,4.071050000000001,3.1870740000000004,71.0,84.0,38.59,0.5352112676056338,0.04213661971830987,0.04846488095238097,0.08258807981342317
6.5,45,20,25,0,-8.2727,-10.8651,-4.276185,45.0,62.0,31.15,0.4444444444444444,-0.1838377777777778,-0.17524354838709677,-0.13727720706260033
7.5,16,12,4,0,5.6243,8.8962,4.992412,16.0,21.5,11.63,0.75,0.35151875,0.41377674418604654,0.42927016337059326
