metric,value
total_bets,127.0
wins,64.0
losses,63.0
pushes,0.0
win_rate,0.5039370078740157
flat_profit,-2.2708999999999984
flat_roi,-0.01788110236220471
recommended_profit,-2.457149999999997
recommended_roi,-0.016829794520547923
kelly_profit,-0.07341899999999879
kelly_roi,-0.0010194251596778504
