metric,value
total_bets,138.0
wins,69.0
losses,69.0
pushes,0.0
win_rate,0.5
flat_profit,-3.3270999999999993
flat_roi,-0.024109420289855066
recommended_profit,-4.985249999999997
recommended_roi,-0.03135377358490564
kelly_profit,-1.8299089999999996
kelly_roi,-0.023361534533384395
