edge_bucket,bets,wins,losses,pushes,avg_edge,flat_profit,rec_profit,kelly_profit,flat_risk,rec_risk,kelly_risk,win_rate,flat_roi,rec_roi,kelly_roi
0-5%,0,0,0,0,,0.0,0.0,0.0,0.0,0.0,0.0,,,,
5-7.5%,69,34,35,0,0.0632768115942029,-2.8362,-1.4181,-1.4533130000000005,69.0,34.5,23.18,0.4927536231884058,-0.041104347826086955,-0.041104347826086955,-0.06269685073339087
7.5-10%,45,18,27,0,0.08784888888888888,-9.5473,-9.5473,-4.46694,45.0,45.0,20.59,0.4,-0.21216222222222222,-0.21216222222222222,-0.2169470616804274
10-15%,58,31,27,0,0.12117586206896552,0.6899000000000004,1.0348499999999998,1.8075649999999994,58.0,87.0,37.57,0.5344827586206896,0.011894827586206903,0.011894827586206894,0.04811192440777214
15%+,41,22,19,0,0.183909756097561,2.055,4.11,2.497074000000001,41.0,82.0,38.88,0.5365853658536586,0.0501219512195122,0.0501219512195122,0.06422515432098767
