bet_side,bets,wins,losses,pushes,flat_profit,rec_profit,kelly_profit,flat_risk,rec_risk,kelly_risk,win_rate,flat_roi,rec_roi,kelly_roi
over,92,41,51,0,-11.2305,-13.18945,-6.605375000000001,92.0,98.5,47.23,0.44565217391304346,-0.12207065217391304,-0.1339030456852792,-0.13985549438915948
under,96,54,42,0,7.851400000000001,11.973450000000001,7.450296000000001,96.0,118.5,58.44,0.5625,0.08178541666666668,0.10104177215189875,0.1274862422997947
