metric,value
total_bets,250.0
wins,124.0
losses,126.0
pushes,0.0
win_rate,0.496
flat_profit,-8.974399999999997
flat_roi,-0.03589759999999999
recommended_profit,-7.50705
recommended_roi,-0.025621331058020478
kelly_profit,-2.7605369999999976
kelly_roi,-0.019583832292849022
