bet_side,bets,wins,losses,pushes,flat_profit,rec_profit,kelly_profit,flat_risk,rec_risk,kelly_risk,win_rate,flat_roi,rec_roi,kelly_roi
over,47,19,28,0,-9.8946,-10.9539,-5.642835000000001,47.0,50.5,25.27,0.40425531914893614,-0.21052340425531915,-0.21690891089108913,-0.22330174119509302
under,44,25,19,0,5.9633,6.463100000000001,3.2554490000000005,44.0,52.5,25.23,0.5681818181818182,0.13552954545454546,0.12310666666666668,0.1290308759413397
