bet_side,bets,wins,losses,pushes,flat_profit,rec_profit,kelly_profit,flat_risk,rec_risk,kelly_risk,win_rate,flat_roi,rec_roi,kelly_roi
over,120,51,69,0,-19.3675,-17.97975,-8.760567000000002,120.0,129.0,61.160000000000004,0.425,-0.16139583333333332,-0.13937790697674418,-0.14324014061478094
under,121,71,50,0,15.6685,18.610400000000002,9.395404000000001,121.0,153.0,75.13,0.5867768595041323,0.1294917355371901,0.12163660130718956,0.12505529082922937
