line,bets,wins,losses,pushes,flat_profit,rec_profit,kelly_profit,flat_risk,rec_risk,kelly_risk,win_rate,flat_roi,rec_roi,kelly_roi
3.5,44,18,26,0,-8.6264,-9.4558,-5.48172,44.0,47.5,23.67,0.4090909090909091,-0.19605454545454545,-0.19906947368421052,-0.2315893536121673
4.5,55,26,29,0,-1.9817000000000005,-2.6411500000000006,-1.7336260000000006,55.0,57.0,25.97,0.4727272727272727,-0.0360309090909091,-0.04633596491228071,-0.06675494801694265
5.5,53,28,25,0,1.0999000000000005,0.6683000000000012,1.6696600000000004,53.0,62.5,29.31,0.5283018867924528,0.020752830188679256,0.01069280000000002,0.05696554077106791
6.5,35,19,16,0,0.09440000000000026,2.68555,1.7162309999999998,35.0,46.0,23.59,0.5428571428571428,0.0026971428571428645,0.058381521739130436,0.0727524798643493
7.5,15,11,4,0,4.8243,8.4962,4.7284120000000005,15.0,21.0,11.3,0.7333333333333333,0.32162,0.4045809523809524,0.41844353982300886
