bet_side,bets,wins,losses,pushes,flat_profit,rec_profit,kelly_profit,flat_risk,rec_risk,kelly_risk,win_rate,flat_roi,rec_roi,kelly_roi
over,26,13,13,0,-0.08689999999999998,-2.77535,-1.4942470000000003,26.0,28.0,14.03,0.5,-0.0033423076923076913,-0.09911964285714285,-0.10650370634354957
under,22,13,9,0,3.7229,3.95885,2.862383,22.0,27.5,13.08,0.5909090909090909,0.16922272727272727,0.14395818181818182,0.21883662079510702
