edge_bucket,bets,wins,losses,pushes,avg_edge,flat_profit,rec_profit,kelly_profit,flat_risk,rec_risk,kelly_risk,win_rate,flat_roi,rec_roi,kelly_roi
0-5%,0,0,0,0,,0.0,0.0,0.0,0.0,0.0,0.0,,,,
5-7.5%,19,12,7,0,0.0625578947368421,6.035,3.0175,1.2954609999999998,19.0,9.5,6.1,0.631578947368421,0.31763157894736843,0.31763157894736843,0.2123706557377049
7.5-10%,12,7,5,0,0.08880833333333334,1.2466000000000002,1.2466000000000002,0.762928,12.0,12.0,5.68,0.5833333333333334,0.10388333333333334,0.10388333333333334,0.13431830985915494
10-15%,16,7,9,0,0.1218625,-2.9878,-4.4817,-1.3822360000000002,16.0,24.0,10.790000000000001,0.4375,-0.1867375,-0.1867375,-0.12810342910101946
15%+,9,4,5,0,0.1902777777777778,-0.8399999999999999,-1.6799999999999997,-0.6355999999999997,9.0,18.0,8.61,0.4444444444444444,-0.09333333333333332,-0.09333333333333332,-0.07382113821138209
