edge_bucket,bets,wins,losses,pushes,avg_edge,flat_profit,rec_profit,kelly_profit,flat_risk,rec_risk,kelly_risk,win_rate,flat_roi,rec_roi,kelly_roi
0-5%,0,0,0,0,,0.0,0.0,0.0,0.0,0.0,0.0,,,,
5-7.5%,78,39,39,0,0.06312179487179487,-1.8894,-0.9447,-1.1656310000000007,78.0,39.0,25.97,0.5,-0.024223076923076924,-0.024223076923076924,-0.04488375048132463
7.5-10%,49,21,28,0,0.0881795918367347,-7.2873,-7.2873,-3.46154,49.0,49.0,22.32,0.42857142857142855,-0.14872040816326532,-0.14872040816326532,-0.155086917562724
10-15%,68,38,30,0,0.12095588235294118,4.1855,6.27825,3.8945899999999996,68.0,102.0,43.81,0.5588235294117647,0.0615514705882353,0.06155147058823529,0.08889728372517688
15%+,46,24,22,0,0.18672173913043477,1.2922000000000002,2.5844000000000005,1.367418000000001,46.0,92.0,44.19,0.5217391304347826,0.028091304347826092,0.028091304347826092,0.030944059742023106
