bet_side,bets,wins,losses,pushes,flat_profit,rec_profit,kelly_profit,flat_risk,rec_risk,kelly_risk,win_rate,flat_roi,rec_roi,kelly_roi
over,103,42,61,0,-20.410800000000002,-21.4599,-10.506176000000002,103.0,109.5,52.35,0.4077669902912621,-0.1981631067961165,-0.19598082191780822,-0.20069104106972305
under,110,63,47,0,10.7722,15.63935,8.890562000000001,110.0,139.0,67.87,0.5727272727272728,0.09792909090909091,0.11251330935251799,0.1309939885074407
