line,bets,wins,losses,pushes,flat_profit,rec_profit,kelly_profit,flat_risk,rec_risk,kelly_risk,win_rate,flat_roi,rec_roi,kelly_roi
3.5,30,12,18,0,-6.9029,-6.807449999999999,-4.097125,30.0,31.0,16.27,0.4,-0.23009666666666667,-0.21959516129032255,-0.25182083589428395
4.5,39,17,22,0,-3.9449000000000005,-7.907450000000001,-3.5097590000000003,39.0,43.0,19.25,0.4358974358974359,-0.10115128205128207,-0.18389418604651164,-0.18232514285714288
5.5,39,22,17,0,3.7064000000000004,4.374900000000001,2.7889100000000004,39.0,43.5,21.16,0.5641025641025641,0.09503589743589745,0.10057241379310347,0.13180103969754256
6.5,22,11,11,0,-0.8282999999999999,-0.18789999999999973,-0.29232100000000005,22.0,31.0,15.49,0.5,-0.037649999999999996,-0.006061290322580636,-0.018871594577146548
7.5,8,7,1,0,4.6426,5.54265,3.280386,8.0,10.5,6.16,0.875,0.580325,0.5278714285714285,0.5325301948051948
