line,bets,wins,losses,pushes,flat_profit,rec_profit,kelly_profit,flat_risk,rec_risk,kelly_risk,win_rate,flat_roi,rec_roi,kelly_roi
3.5,45,18,27,0,-9.6264,-9.9558,-5.831720000000001,45.0,48.0,24.02,0.4,-0.21392,-0.2074125,-0.24278601165695257
4.5,60,28,32,0,-2.9742000000000006,-3.129900000000001,-1.8265010000000006,60.0,63.5,28.84,0.4666666666666667,-0.04957000000000001,-0.049289763779527575,-0.06333221220527048
5.5,56,29,27,0,0.04330000000000056,-0.41659999999999875,1.2479640000000005,56.0,66.5,30.82,0.5178571428571429,0.0007732142857142957,-0.006264661654135319,0.04049201817001948
6.5,37,19,18,0,-1.9055999999999997,-0.8144499999999999,0.06623099999999982,37.0,49.5,25.24,0.5135135135135135,-0.0515027027027027,-0.016453535353535352,0.002624049128367663
7.5,15,11,4,0,4.8243,8.4962,4.7284120000000005,15.0,21.0,11.3,0.7333333333333333,0.32162,0.4045809523809524,0.41844353982300886
