edge_bucket,bets,wins,losses,pushes,avg_edge,flat_profit,rec_profit,kelly_profit,flat_risk,rec_risk,kelly_risk,win_rate,flat_roi,rec_roi,kelly_roi
0-5%,0,0,0,0,,0.0,0.0,0.0,0.0,0.0,0.0,,,,
5-7.5%,36,19,17,0,0.06382499999999999,1.8513000000000002,0.9256500000000001,-0.24370700000000034,36.0,18.0,12.120000000000001,0.5277777777777778,0.051425000000000005,0.051425000000000005,-0.020107838283828408
7.5-10%,24,11,13,0,0.08765416666666666,-2.15,-2.15,-1.2407759999999999,24.0,24.0,11.04,0.4583333333333333,-0.08958333333333333,-0.08958333333333333,-0.1123891304347826
10-15%,27,13,14,0,0.12087777777777778,-2.1632,-3.2447999999999997,-1.2693720000000002,27.0,40.5,17.75,0.48148148148148145,-0.0801185185185185,-0.0801185185185185,-0.07151391549295776
15%+,19,10,9,0,0.18548421052631578,0.9267000000000003,1.8534000000000006,1.1308950000000006,19.0,38.0,17.81,0.5263157894736842,0.04877368421052633,0.04877368421052633,0.06349775407074681
