line,bets,wins,losses,pushes,flat_profit,rec_profit,kelly_profit,flat_risk,rec_risk,kelly_risk,win_rate,flat_roi,rec_roi,kelly_roi
3.5,12,6,6,0,0.12309999999999999,-0.14255000000000007,-0.500367,12.0,12.0,6.49,0.5,0.010258333333333333,-0.011879166666666672,-0.07709815100154083
4.5,15,6,9,0,-2.6844,-5.904400000000001,-2.708752,15.0,17.0,7.62,0.4,-0.17896,-0.34731764705882356,-0.3554792650918635
5.5,11,6,5,0,0.7365,0.5201500000000003,1.0554630000000005,11.0,13.0,6.49,0.5454545454545454,0.06695454545454546,0.04001153846153849,0.16262912172573196
6.5,6,4,2,0,2.4,3.56,1.7295999999999998,6.0,9.0,3.94,0.6666666666666666,0.39999999999999997,0.39555555555555555,0.438984771573604
7.5,4,4,0,0,3.0608,3.1503,1.792192,4.0,4.5,2.57,1.0,0.7652,0.7000666666666667,0.697350972762646
