bet_side,bets,wins,losses,pushes,flat_profit,rec_profit,kelly_profit,flat_risk,rec_risk,kelly_risk,win_rate,flat_roi,rec_roi,kelly_roi
over,43,18,25,0,-7.6638,-8.3385,-4.327439,43.0,47.0,23.3,0.4186046511627907,-0.17822790697674418,-0.17741489361702129,-0.1857269957081545
under,38,22,16,0,6.1253,4.4137,2.677909,38.0,46.5,22.17,0.5789473684210527,0.1611921052631579,0.09491827956989249,0.12078976093820477
