prob_bucket,bets,wins,win_rate
50-55%,45,23,0.5111111111111111
55-60%,61,25,0.4098360655737705
60-65%,50,25,0.5
65-70%,56,28,0.5
70-75%,30,18,0.6
75-80%,6,5,0.8333333333333334
