edge_bucket,bets,wins,losses,pushes,avg_edge,flat_profit,rec_profit,kelly_profit,flat_risk,rec_risk,kelly_risk,win_rate,flat_roi,rec_roi,kelly_roi
0-5%,0,0,0,0,,0.0,0.0,0.0,0.0,0.0,0.0,,,,
5-7.5%,26,14,12,0,0.06314615384615384,2.7754,1.3877,0.08946699999999977,26.0,13.0,8.58,0.5384615384615384,0.10674615384615384,0.10674615384615384,0.010427389277389251
7.5-10%,19,9,10,0,0.08743684210526316,-1.5299999999999998,-1.5299999999999998,-0.7139759999999999,19.0,19.0,8.81,0.47368421052631576,-0.08052631578947367,-0.08052631578947367,-0.08104154370034052
10-15%,21,9,12,0,0.12135714285714284,-3.5705999999999998,-5.3559,-2.1383160000000005,21.0,31.5,13.790000000000001,0.42857142857142855,-0.17002857142857142,-0.17002857142857145,-0.15506279912980422
15%+,15,8,7,0,0.18587333333333333,0.7867000000000002,1.5734000000000004,1.1132950000000006,15.0,30.0,14.290000000000001,0.5333333333333333,0.052446666666666676,0.052446666666666676,0.07790727781665505
