metric,value
total_bets,223.0
wins,111.0
losses,112.0
pushes,0.0
win_rate,0.4977578475336323
flat_profit,-7.589199999999998
flat_roi,-0.034032286995515686
recommended_profit,-2.296449999999998
recommended_roi,-0.00879865900383141
kelly_profit,-0.9801539999999997
kelly_roi,-0.007781470308034294
