edge_bucket,bets,wins,losses,pushes,avg_edge,flat_profit,rec_profit,kelly_profit,flat_risk,rec_risk,kelly_risk,win_rate,flat_roi,rec_roi,kelly_roi
0-5%,0,0,0,0,,0.0,0.0,0.0,0.0,0.0,0.0,,,,
5-7.5%,47,25,22,0,0.06341702127659574,2.0305,1.01525,0.1151449999999995,47.0,23.5,15.65,0.5319148936170213,0.043202127659574464,0.043202127659574464,0.007357507987220415
7.5-10%,29,13,16,0,0.08817931034482758,-3.6555999999999997,-3.6555999999999997,-1.77508,29.0,29.0,13.51,0.4482758620689655,-0.1260551724137931,-0.1260551724137931,-0.1313900814211695
10-15%,35,17,18,0,0.12140857142857142,-2.1182,-3.1773,-1.0034480000000001,35.0,52.5,22.74,0.4857142857142857,-0.06052,-0.06052,-0.04412700087950749
15%+,27,14,13,0,0.18962962962962962,0.4162000000000001,0.8324000000000003,0.833474000000001,27.0,54.0,26.43,0.5185185185185185,0.015414814814814819,0.015414814814814819,0.03153514945138105
