metric,value
total_bets,256.0
wins,127.0
losses,129.0
pushes,0.0
win_rate,0.49609375
flat_profit,-9.531499999999998
flat_roi,-0.03723242187499999
recommended_profit,-8.8931
recommended_roi,-0.029742809364548498
kelly_profit,-3.244211
kelly_roi,-0.022541766259032796
