bet_side,bets,wins,losses,pushes,flat_profit,rec_profit,kelly_profit,flat_risk,rec_risk,kelly_risk,win_rate,flat_roi,rec_roi,kelly_roi
over,125,55,70,0,-16.8579,-15.83245,-7.899091000000001,125.0,133.5,63.32,0.44,-0.13486320000000002,-0.11859513108614232,-0.12474875236891979
under,131,72,59,0,7.3264000000000005,6.939350000000001,4.65488,131.0,165.5,80.6,0.549618320610687,0.05592671755725191,0.04192960725075529,0.057752853598014894
