line,bets,wins,losses,pushes,flat_profit,rec_profit,kelly_profit,flat_risk,rec_risk,kelly_risk,win_rate,flat_roi,rec_roi,kelly_roi
3.5,30,12,18,0,-6.9029,-6.807449999999999,-4.097125,30.0,31.0,16.27,0.4,-0.23009666666666667,-0.21959516129032255,-0.25182083589428395
4.5,39,17,22,0,-3.9449000000000005,-7.907450000000001,-3.5097590000000003,39.0,43.0,19.25,0.4358974358974359,-0.10115128205128207,-0.18389418604651164,-0.18232514285714288
5.5,41,23,18,0,3.4640000000000004,2.753700000000001,2.2240700000000007,41.0,46.0,22.34,0.5609756097560976,0.08448780487804879,0.059863043478260894,0.0995555058191585
6.5,23,12,11,0,-0.07069999999999987,0.5697000000000003,0.124359,23.0,32.0,16.04,0.5217391304347826,-0.0030739130434782555,0.01780312500000001,0.007753054862842893
7.5,8,7,1,0,4.6426,5.54265,3.280386,8.0,10.5,6.16,0.875,0.580325,0.5278714285714285,0.5325301948051948
