metric,value
total_bets,188.0
wins,95.0
losses,93.0
pushes,0.0
win_rate,0.5053191489361702
flat_profit,-3.3790999999999993
flat_roi,-0.017973936170212763
recommended_profit,-1.2159999999999975
recommended_roi,-0.005603686635944689
kelly_profit,0.8449210000000007
kelly_roi,0.007995845556922503
