edge_bucket,bets,wins,losses,pushes,avg_edge,flat_profit,rec_profit,kelly_profit,flat_risk,rec_risk,kelly_risk,win_rate,flat_roi,rec_roi,kelly_roi
0-5%,0,0,0,0,,0.0,0.0,0.0,0.0,0.0,0.0,,,,
5-7.5%,32,16,16,0,0.06384375,0.3022,0.1511,-0.7580410000000003,32.0,16.0,10.75,0.5,0.00944375,0.00944375,-0.07051544186046514
7.5-10%,20,9,11,0,0.086985,-2.53,-2.53,-1.153976,20.0,20.0,9.25,0.45,-0.1265,-0.1265,-0.12475416216216215
10-15%,22,10,12,0,0.12152272727272727,-2.5902,-3.8853,-1.5206640000000002,22.0,33.0,14.42,0.45454545454545453,-0.11773636363636363,-0.11773636363636364,-0.10545520110957006
15%+,17,9,8,0,0.18632941176470588,0.8867000000000003,1.7734000000000005,1.0452950000000008,17.0,34.0,16.080000000000002,0.5294117647058824,0.05215882352941178,0.05215882352941178,0.06500590796019905
