edge_bucket,bets,wins,losses,pushes,avg_edge,flat_profit,rec_profit,kelly_profit,flat_risk,rec_risk,kelly_risk,win_rate,flat_roi,rec_roi,kelly_roi
0-5%,0,0,0,0,,0.0,0.0,0.0,0.0,0.0,0.0,,,,
5-7.5%,59,31,28,0,0.06288305084745763,1.3214,0.6607,-0.028089000000000586,59.0,29.5,19.66,0.5254237288135594,0.022396610169491522,0.022396610169491522,-0.0014287385554425528
7.5-10%,39,18,21,0,0.08767692307692308,-3.5473,-3.5473,-1.8869399999999998,39.0,39.0,18.01,0.46153846153846156,-0.09095641025641026,-0.09095641025641026,-0.10477179344808438
10-15%,42,20,22,0,0.12122857142857142,-3.6967,-5.54505,-1.5910550000000003,42.0,63.0,27.19,0.47619047619047616,-0.08801666666666666,-0.08801666666666666,-0.05851618242000736
15%+,36,20,16,0,0.18584444444444445,3.1056,6.2112,3.604168000000001,36.0,72.0,34.53,0.5555555555555556,0.08626666666666666,0.08626666666666666,0.10437787431219232
