metric,value
total_bets,102.0
wins,49.0
losses,53.0
pushes,0.0
win_rate,0.4803921568627451
flat_profit,-4.994
flat_roi,-0.04896078431372549
recommended_profit,-6.584549999999996
recommended_roi,-0.05676336206896548
kelly_profit,-3.5381099999999988
kelly_roi,-0.06268798724308998
