metric,value
total_bets,91.0
wins,44.0
losses,47.0
pushes,0.0
win_rate,0.4835164835164835
flat_profit,-3.931299999999999
flat_roi,-0.04320109890109889
recommended_profit,-4.4907999999999975
recommended_roi,-0.04359999999999997
kelly_profit,-2.387385999999999
kelly_roi,-0.047274970297029685
