bet_side,bets,wins,losses,pushes,flat_profit,rec_profit,kelly_profit,flat_risk,rec_risk,kelly_risk,win_rate,flat_roi,rec_roi,kelly_roi
over,53,22,31,0,-9.7949,-11.22405,-5.8705430000000005,53.0,58.0,28.73,0.41509433962264153,-0.18480943396226415,-0.19351810344827586,-0.2043349460494257
under,49,27,22,0,4.8009,4.639500000000002,2.3324330000000004,49.0,58.0,27.71,0.5510204081632653,0.09797755102040817,0.07999137931034486,0.08417297004691449
