bet_side,bets,wins,losses,pushes,flat_profit,rec_profit,kelly_profit,flat_risk,rec_risk,kelly_risk,win_rate,flat_roi,rec_roi,kelly_roi
over,48,20,28,0,-9.0749,-10.54405,-5.347743,48.0,51.0,25.63,0.4166666666666667,-0.18906041666666665,-0.20674607843137255,-0.20865169722980884
under,45,25,20,0,4.9633,5.963100000000001,2.9254490000000004,45.0,53.0,25.56,0.5555555555555556,0.11029555555555556,0.112511320754717,0.11445418622848202
