line,bets,wins,losses,pushes,flat_profit,rec_profit,kelly_profit,flat_risk,rec_risk,kelly_risk,win_rate,flat_roi,rec_roi,kelly_roi
3.5,18,8,10,0,-2.1759,-1.1839499999999998,-1.2846389999999999,18.0,18.5,10.01,0.4444444444444444,-0.12088333333333333,-0.06399729729729729,-0.12833556443556443
4.5,22,8,14,0,-5.3044,-8.974400000000001,-3.9629520000000005,22.0,25.5,11.33,0.36363636363636365,-0.2411090909090909,-0.3519372549019608,-0.34977511032656666
5.5,18,11,7,0,3.4143,1.7090500000000004,1.7928800000000005,18.0,21.5,10.610000000000001,0.6111111111111112,0.18968333333333331,0.07949069767441862,0.16898020735155517
6.5,7,4,3,0,1.4,3.06,1.3295999999999997,7.0,9.5,4.34,0.5714285714285714,0.19999999999999998,0.32210526315789473,0.3063594470046082
7.5,5,4,1,0,2.0608,1.6503,0.942192,5.0,6.0,3.42,0.8,0.41215999999999997,0.27505,0.2754947368421053
