metric,value
total_bets,262.0
wins,129.0
losses,133.0
pushes,0.0
win_rate,0.49236641221374045
flat_profit,-11.880999999999998
flat_roi,-0.0453473282442748
recommended_profit,-10.4544
recommended_roi,-0.03405342019543974
kelly_profit,-3.606377
kelly_roi,-0.0244053393787643
