edge_bucket,bets,wins,losses,pushes,avg_edge,flat_profit,rec_profit,kelly_profit,flat_risk,rec_risk,kelly_risk,win_rate,flat_roi,rec_roi,kelly_roi
0-5%,0,0,0,0,,0.0,0.0,0.0,0.0,0.0,0.0,,,,
5-7.5%,38,19,19,0,0.06337894736842105,-0.14869999999999983,-0.07434999999999992,-0.7637070000000004,38.0,19.0,12.64,0.5,-0.003913157894736838,-0.003913157894736838,-0.06041985759493673
7.5-10%,28,12,16,0,0.08802857142857143,-4.4556,-4.4556,-2.19108,28.0,28.0,12.99,0.42857142857142855,-0.15912857142857142,-0.15912857142857142,-0.1686743648960739
10-15%,29,14,15,0,0.12135172413793104,-2.0831999999999997,-3.1247999999999996,-1.0441720000000003,29.0,43.5,18.96,0.4827586206896552,-0.07183448275862069,-0.07183448275862069,-0.055072362869198324
15%+,22,13,9,0,0.18936363636363637,3.2562,6.5124,3.997074000000001,22.0,44.0,21.56,0.5909090909090909,0.14800909090909092,0.14800909090909092,0.18539304267161416
