line,bets,wins,losses,pushes,flat_profit,rec_profit,kelly_profit,flat_risk,rec_risk,kelly_risk,win_rate,flat_roi,rec_roi,kelly_roi
3.5,16,7,9,0,-2.1193,-1.6273499999999999,-1.389735,16.0,17.0,9.26,0.4375,-0.13245625,-0.09572647058823529,-0.15007937365010798
4.5,19,8,11,0,-2.3044000000000002,-5.974400000000001,-2.6729520000000004,19.0,22.5,10.040000000000001,0.42105263157894735,-0.1212842105263158,-0.2655288888888889,-0.26623027888446216
5.5,17,10,7,0,2.1343,0.4290500000000004,1.3448800000000005,17.0,20.5,10.26,0.5882352941176471,0.12554705882352943,0.020929268292682945,0.1310799220272905
6.5,6,4,2,0,2.4,3.56,1.7295999999999998,6.0,9.0,3.94,0.6666666666666666,0.39999999999999997,0.39555555555555555,0.438984771573604
7.5,5,4,1,0,2.0608,1.6503,0.942192,5.0,6.0,3.42,0.8,0.41215999999999997,0.27505,0.2754947368421053
