metric,value
total_bets,117.0
wins,58.0
losses,59.0
pushes,0.0
win_rate,0.49572649572649574
flat_profit,-3.4312999999999994
flat_roi,-0.02932735042735042
recommended_profit,-1.1423499999999969
recommended_roi,-0.00849330855018585
kelly_profit,-0.0018849999999990263
kelly_roi,-2.8495842781542346e-05
