edge_bucket,bets,wins,losses,pushes,avg_edge,flat_profit,rec_profit,kelly_profit,flat_risk,rec_risk,kelly_risk,win_rate,flat_roi,rec_roi,kelly_roi
0-5%,0,0,0,0,,0.0,0.0,0.0,0.0,0.0,0.0,,,,
5-7.5%,55,29,26,0,0.06284909090909091,2.0696,1.0348,0.09744499999999945,55.0,27.5,18.09,0.5272727272727272,0.037629090909090904,0.037629090909090904,0.005386677722498587
7.5-10%,37,18,19,0,0.0878135135135135,-1.5472999999999997,-1.5472999999999997,-0.9469399999999998,37.0,37.0,17.07,0.4864864864864865,-0.04181891891891891,-0.04181891891891891,-0.05547393087287638
10-15%,40,20,20,0,0.12121249999999999,-1.6966999999999997,-2.54505,-0.37105500000000036,40.0,60.0,25.97,0.5,-0.04241749999999999,-0.0424175,-0.01428783211397768
15%+,36,20,16,0,0.18584444444444445,3.1056,6.2112,3.604168000000001,36.0,72.0,34.53,0.5555555555555556,0.08626666666666666,0.08626666666666666,0.10437787431219232
