edge_bucket,bets,wins,losses,pushes,avg_edge,flat_profit,rec_profit,kelly_profit,flat_risk,rec_risk,kelly_risk,win_rate,flat_roi,rec_roi,kelly_roi
0-5%,0,0,0,0,,0.0,0.0,0.0,0.0,0.0,0.0,,,,
5-7.5%,16,9,7,0,0.06286875,3.2371999999999996,1.6185999999999998,0.42184399999999983,16.0,8.0,5.12,0.5625,0.20232499999999998,0.20232499999999998,0.08239140624999997
7.5-10%,10,6,4,0,0.0877,1.2266000000000001,1.2266000000000001,0.904128,10.0,10.0,4.65,0.6,0.12266000000000002,0.12266000000000002,0.19443612903225807
10-15%,15,7,8,0,0.12208,-1.9878,-2.9817,-0.7022360000000002,15.0,22.5,10.11,0.4666666666666667,-0.13252,-0.13252,-0.06945954500494562
15%+,9,4,5,0,0.1902777777777778,-0.8399999999999999,-1.6799999999999997,-0.6355999999999997,9.0,18.0,8.61,0.4444444444444444,-0.09333333333333332,-0.09333333333333332,-0.07382113821138209
