line,bets,wins,losses,pushes,flat_profit,rec_profit,kelly_profit,flat_risk,rec_risk,kelly_risk,win_rate,flat_roi,rec_roi,kelly_roi
3.5,9,3,6,0,-2.8569,-2.8325500000000003,-1.976167,9.0,9.0,4.88,0.3333333333333333,-0.31743333333333335,-0.31472777777777783,-0.40495225409836066
4.5,11,6,5,0,1.3155999999999999,-0.4044000000000003,-0.16875200000000012,11.0,11.5,5.08,0.5454545454545454,0.11959999999999998,-0.035165217391304376,-0.0332188976377953
5.5,5,3,2,0,1.0292,0.3992,0.3258,5.0,3.5,1.88,0.6,0.20583999999999997,0.11405714285714286,0.17329787234042554
6.5,3,1,2,0,-0.8400000000000001,-0.6800000000000002,-0.02200000000000024,3.0,5.0,2.29,0.3333333333333333,-0.28,-0.13600000000000004,-0.009606986899563423
7.5,1,1,0,0,0.5814,0.8721000000000001,0.534888,1.0,1.5,0.92,1.0,0.5814,0.5814,0.5814
