metric,value
total_bets,93.0
wins,45.0
losses,48.0
pushes,0.0
win_rate,0.4838709677419355
flat_profit,-4.111599999999998
flat_roi,-0.044210752688172025
recommended_profit,-4.580949999999998
recommended_roi,-0.04404759615384613
kelly_profit,-2.422293999999999
kelly_roi,-0.047319671810900556
