metric,value
total_bets,141.0
wins,71.0
losses,70.0
pushes,0.0
win_rate,0.5035460992907801
flat_profit,-2.811899999999999
flat_roi,-0.019942553191489357
recommended_profit,-5.848849999999997
recommended_roi,-0.03599292307692306
kelly_profit,-1.9780689999999994
kelly_roi,-0.02470733200099924
