bet_side,bets,wins,losses,pushes,flat_profit,rec_profit,kelly_profit,flat_risk,rec_risk,kelly_risk,win_rate,flat_roi,rec_roi,kelly_roi
over,34,16,18,0,-2.4844,-4.5977,-2.2988550000000005,34.0,38.5,19.29,0.47058823529411764,-0.07307058823529411,-0.11942077922077922,-0.11917340590979786
under,29,17,12,0,4.6558,2.6353000000000004,2.25284,29.0,36.5,17.63,0.5862068965517241,0.1605448275862069,0.07220000000000001,0.12778445830969937
