edge_bucket,bets,wins,losses,pushes,avg_edge,flat_profit,rec_profit,kelly_profit,flat_risk,rec_risk,kelly_risk,win_rate,flat_roi,rec_roi,kelly_roi
0-5%,0,0,0,0,,0.0,0.0,0.0,0.0,0.0,0.0,,,,
5-7.5%,20,12,8,0,0.063015,5.035,2.5175,0.8354609999999998,20.0,10.0,6.5600000000000005,0.6,0.25175000000000003,0.25175000000000003,0.1273568597560975
7.5-10%,12,7,5,0,0.08880833333333334,1.2466000000000002,1.2466000000000002,0.762928,12.0,12.0,5.68,0.5833333333333334,0.10388333333333334,0.10388333333333334,0.13431830985915494
10-15%,18,7,11,0,0.12274444444444445,-4.9878,-7.4817,-2.7922360000000004,18.0,27.0,12.200000000000001,0.3888888888888889,-0.2771,-0.2771,-0.22887180327868853
15%+,13,7,6,0,0.18922307692307694,0.8776000000000002,1.7552000000000003,1.1478320000000006,13.0,26.0,12.48,0.5384615384615384,0.06750769230769232,0.06750769230769232,0.09197371794871799
