bet_side,bets,wins,losses,pushes,flat_profit,rec_profit,kelly_profit,flat_risk,rec_risk,kelly_risk,win_rate,flat_roi,rec_roi,kelly_roi
over,69,31,38,0,-8.628400000000001,-10.5708,-5.436966000000001,69.0,72.5,35.87,0.4492753623188406,-0.12504927536231886,-0.14580413793103447,-0.15157418455533875
under,72,40,32,0,5.8165000000000004,4.721950000000001,3.4588970000000008,72.0,90.0,44.19,0.5555555555555556,0.08078472222222223,0.05246611111111113,0.07827329712604664
