metric,value
total_bets,48.0
wins,26.0
losses,22.0
pushes,0.0
win_rate,0.5416666666666666
flat_profit,3.636
flat_roi,0.07575
recommended_profit,1.1835000000000004
recommended_roi,0.021324324324324333
kelly_profit,1.3681360000000005
kelly_roi,0.05046610106971599
