bet_side,bets,wins,losses,pushes,flat_profit,rec_profit,kelly_profit,flat_risk,rec_risk,kelly_risk,win_rate,flat_roi,rec_roi,kelly_roi
over,125,55,70,0,-16.8579,-15.83245,-7.899091000000001,125.0,133.5,63.32,0.44,-0.13486320000000002,-0.11859513108614232,-0.12474875236891979
under,137,74,63,0,4.9769000000000005,5.378050000000001,4.292714000000001,137.0,173.5,84.45,0.5401459854014599,0.03632773722627738,0.030997406340057643,0.05083142687981055
