bet_side,bets,wins,losses,pushes,flat_profit,rec_profit,kelly_profit,flat_risk,rec_risk,kelly_risk,win_rate,flat_roi,rec_roi,kelly_roi
over,84,37,47,0,-11.2944,-13.632900000000001,-7.060756000000001,84.0,89.5,43.36,0.44047619047619047,-0.13445714285714286,-0.15232290502793297,-0.16284031365313656
under,92,52,40,0,8.477400000000001,11.412450000000002,7.1588400000000005,92.0,114.0,56.03,0.5652173913043478,0.09214565217391306,0.1001092105263158,0.1277679814385151
