line,bets,wins,losses,pushes,flat_profit,rec_profit,kelly_profit,flat_risk,rec_risk,kelly_risk,win_rate,flat_roi,rec_roi,kelly_roi
3.5,52,25,27,0,-3.5568999999999997,-1.2700499999999997,-1.6460590000000002,52.0,57.5,28.68,0.4807692307692308,-0.06840192307692307,-0.022087826086956516,-0.0573939679218968
4.5,77,34,43,0,-7.667400000000001,-10.2865,-5.393619,77.0,81.0,37.25,0.44155844155844154,-0.09957662337662339,-0.12699382716049382,-0.14479514093959733
5.5,67,36,31,0,3.3412000000000006,3.1323500000000015,2.54924,67.0,78.5,35.74,0.5373134328358209,0.04986865671641792,0.03990254777070066,0.07132736429770566
6.5,44,20,24,0,-7.2726999999999995,-9.3651,-3.7461850000000005,44.0,60.5,30.62,0.45454545454545453,-0.16528863636363636,-0.15479504132231406,-0.1223443827563684
7.5,16,12,4,0,5.6243,8.8962,4.992412,16.0,21.5,11.63,0.75,0.35151875,0.41377674418604654,0.42927016337059326
