metric,value
total_bets,50.0
wins,26.0
losses,24.0
pushes,0.0
win_rate,0.52
flat_profit,1.6360000000000001
flat_roi,0.03272
recommended_profit,-1.8164999999999996
recommended_roi,-0.031051282051282044
kelly_profit,-0.011863999999999542
kelly_roi,-0.0004164268164268003
