metric,value
total_bets,73.0
wins,35.0
losses,38.0
pushes,0.0
win_rate,0.4794520547945205
flat_profit,-3.6051999999999995
flat_roi,-0.04938630136986301
recommended_profit,-7.738999999999999
recommended_roi,-0.0910470588235294
kelly_profit,-3.1029189999999995
kelly_roi,-0.0745356473696853
