line,bets,wins,losses,pushes,flat_profit,rec_profit,kelly_profit,flat_risk,rec_risk,kelly_risk,win_rate,flat_roi,rec_roi,kelly_roi
3.5,19,8,11,0,-3.1759,-2.18395,-1.734639,19.0,19.5,10.46,0.42105263157894735,-0.16715263157894736,-0.1119974358974359,-0.1658354684512428
4.5,23,8,15,0,-6.3044,-9.974400000000001,-4.552952,23.0,26.5,11.92,0.34782608695652173,-0.27410434782608695,-0.37639245283018874,-0.38195906040268457
5.5,18,11,7,0,3.4143,1.7090500000000004,1.7928800000000005,18.0,21.5,10.610000000000001,0.6111111111111112,0.18968333333333331,0.07949069767441862,0.16898020735155517
6.5,8,4,4,0,0.3999999999999999,1.06,0.4495999999999998,8.0,11.5,5.22,0.5,0.04999999999999999,0.09217391304347826,0.08613026819923368
7.5,5,4,1,0,2.0608,1.6503,0.942192,5.0,6.0,3.42,0.8,0.41215999999999997,0.27505,0.2754947368421053
