edge_bucket,bets,wins,losses,pushes,avg_edge,flat_profit,rec_profit,kelly_profit,flat_risk,rec_risk,kelly_risk,win_rate,flat_roi,rec_roi,kelly_roi
0-5%,0,0,0,0,,0.0,0.0,0.0,0.0,0.0,0.0,,,,
5-7.5%,52,28,24,0,0.06345384615384615,2.8895999999999997,1.4447999999999999,0.3742449999999995,52.0,26.0,17.29,0.5384615384615384,0.05556923076923077,0.05556923076923077,0.021645170618854803
7.5-10%,31,15,16,0,0.08825161290322579,-1.5579999999999998,-1.5579999999999998,-0.8625999999999998,31.0,31.0,14.43,0.4838709677419355,-0.05025806451612903,-0.05025806451612903,-0.05977823977823977
10-15%,38,19,19,0,0.12071315789473686,-1.4212999999999996,-2.13195,-0.4014570000000004,38.0,57.0,24.5,0.5,-0.037402631578947354,-0.03740263157894737,-0.016386000000000015
15%+,33,19,14,0,0.18736363636363637,4.2127,8.4254,4.328765000000001,33.0,66.0,31.78,0.5757575757575758,0.12765757575757575,0.12765757575757575,0.1362103524229075
