edge_bucket,bets,wins,losses,pushes,avg_edge,flat_profit,rec_profit,kelly_profit,flat_risk,rec_risk,kelly_risk,win_rate,flat_roi,rec_roi,kelly_roi
0-5%,0,0,0,0,,0.0,0.0,0.0,0.0,0.0,0.0,,,,
5-7.5%,81,42,39,0,0.06321604938271605,0.4931000000000001,0.74655,-0.28152900000000064,81.0,41.0,27.09,0.5185185185185185,0.006087654320987655,0.018208536585365854,-0.010392358803986734
7.5-10%,58,23,35,0,0.08773965517241379,-12.5023,-12.5023,-5.84469,58.0,58.0,26.45,0.39655172413793105,-0.21555689655172414,-0.21555689655172414,-0.22097126654064272
10-15%,70,38,32,0,0.12117714285714286,2.1855000000000007,3.2782500000000003,2.6345899999999993,70.0,105.0,45.07,0.5428571428571428,0.03122142857142858,0.031221428571428574,0.05845551364544041
15%+,48,24,24,0,0.185725,-0.7077999999999998,-1.4155999999999995,-0.18258199999999913,48.0,96.0,45.74,0.5,-0.014745833333333328,-0.014745833333333328,-0.003991735898557043
