edge_bucket,bets,wins,losses,pushes,avg_edge,flat_profit,rec_profit,kelly_profit,flat_risk,rec_risk,kelly_risk,win_rate,flat_roi,rec_roi,kelly_roi
0-5%,0,0,0,0,,0.0,0.0,0.0,0.0,0.0,0.0,,,,
5-7.5%,48,26,22,0,0.06336666666666667,2.7881,1.39405,0.3803049999999995,48.0,24.0,16.0,0.5416666666666666,0.05808541666666667,0.05808541666666667,0.02376906249999997
7.5-10%,30,14,16,0,0.08840666666666668,-2.8979999999999997,-2.8979999999999997,-1.3583999999999998,30.0,30.0,14.06,0.4666666666666667,-0.09659999999999999,-0.09659999999999999,-0.09661450924608818
10-15%,35,17,18,0,0.12140857142857142,-2.1182,-3.1773,-1.0034480000000001,35.0,52.5,22.74,0.4857142857142857,-0.06052,-0.06052,-0.04412700087950749
15%+,28,14,14,0,0.18954285714285715,-0.5837999999999999,-1.1675999999999997,0.0034740000000010873,28.0,56.0,27.26,0.5,-0.020849999999999997,-0.020849999999999997,0.00012743947175352483
