line,bets,wins,losses,pushes,flat_profit,rec_profit,kelly_profit,flat_risk,rec_risk,kelly_risk,win_rate,flat_roi,rec_roi,kelly_roi
3.5,23,9,14,0,-5.4067,-4.79935,-3.040035,23.0,23.0,12.42,0.391304347826087,-0.23507391304347824,-0.2086673913043478,-0.2447693236714976
4.5,27,10,17,0,-6.5343,-9.712150000000001,-4.458401,27.0,30.0,13.69,0.37037037037037035,-0.24201111111111112,-0.32373833333333335,-0.3256684441197955
5.5,24,15,9,0,5.8544,7.099500000000001,3.4952240000000003,24.0,28.0,13.65,0.625,0.24393333333333334,0.25355357142857143,0.2560603663003663
6.5,13,6,7,0,-0.9333,0.7570000000000001,0.3929509999999999,13.0,16.5,7.72,0.46153846153846156,-0.0717923076923077,0.04587878787878789,0.05090038860103625
7.5,6,5,1,0,2.9083,2.07405,1.187967,6.0,6.5,3.71,0.8333333333333334,0.4847166666666667,0.3190846153846154,0.3202067385444744
