edge_bucket,bets,wins,losses,pushes,avg_edge,flat_profit,rec_profit,kelly_profit,flat_risk,rec_risk,kelly_risk,win_rate,flat_roi,rec_roi,kelly_roi
0-5%,0,0,0,0,,0.0,0.0,0.0,0.0,0.0,0.0,,,,
5-7.5%,23,12,11,0,0.06315652173913043,2.0349999999999997,1.0174999999999998,-0.17453900000000022,23.0,11.5,7.57,0.5217391304347826,0.0884782608695652,0.0884782608695652,-0.02305667107001324
7.5-10%,17,9,8,0,0.08787647058823529,0.4700000000000002,0.4700000000000002,0.1460240000000001,17.0,17.0,7.95,0.5294117647058824,0.027647058823529424,0.027647058823529424,0.018367798742138376
10-15%,19,7,12,0,0.12262631578947368,-5.9878,-8.9817,-3.342236,19.0,28.5,12.75,0.3684210526315789,-0.3151473684210526,-0.3151473684210526,-0.2621361568627451
15%+,14,7,7,0,0.18649285714285715,-0.12239999999999984,-0.24479999999999968,0.2678320000000005,14.0,28.0,13.36,0.5,-0.008742857142857132,-0.008742857142857132,0.020047305389221597
