line,bets,wins,losses,pushes,flat_profit,rec_profit,kelly_profit,flat_risk,rec_risk,kelly_risk,win_rate,flat_roi,rec_roi,kelly_roi
3.5,49,22,27,0,-5.9065,-3.2573499999999997,-2.5719350000000003,49.0,55.0,27.47,0.4489795918367347,-0.12054081632653062,-0.05922454545454545,-0.09362704768838735
4.5,72,33,39,0,-4.8274,-6.9465,-3.8992190000000004,72.0,75.5,34.87,0.4583333333333333,-0.06704722222222222,-0.0920066225165563,-0.11182159449383426
5.5,65,35,30,0,3.6833000000000005,3.8034000000000012,2.6497640000000002,65.0,77.0,34.910000000000004,0.5384615384615384,0.05666615384615385,0.049394805194805214,0.07590272128329992
6.5,39,20,19,0,-2.2726999999999995,-1.8651,-0.5361850000000002,39.0,53.0,27.41,0.5128205128205128,-0.05827435897435896,-0.03519056603773585,-0.019561656329806647
7.5,16,12,4,0,5.6243,8.8962,4.992412,16.0,21.5,11.63,0.75,0.35151875,0.41377674418604654,0.42927016337059326
