line,bets,wins,losses,pushes,flat_profit,rec_profit,kelly_profit,flat_risk,rec_risk,kelly_risk,win_rate,flat_roi,rec_roi,kelly_roi
3.5,13,6,7,0,-0.8769,-1.14255,-1.090367,13.0,13.0,7.08,0.46153846153846156,-0.06745384615384616,-0.08788846153846154,-0.1540066384180791
4.5,17,7,10,0,-2.4644000000000004,-6.7944,-2.933752,17.0,19.0,8.4,0.4117647058823529,-0.14496470588235297,-0.35760000000000003,-0.3492561904761905
5.5,15,9,6,0,2.3343,0.8290500000000003,1.3928800000000003,15.0,16.5,8.34,0.6,0.15561999999999998,0.050245454545454565,0.1670119904076739
6.5,6,4,2,0,2.4,3.56,1.7295999999999998,6.0,9.0,3.94,0.6666666666666666,0.39999999999999997,0.39555555555555555,0.438984771573604
7.5,5,4,1,0,2.0608,1.6503,0.942192,5.0,6.0,3.42,0.8,0.41215999999999997,0.27505,0.2754947368421053
