prob_bucket,bets,wins,win_rate
50-55%,45,23,0.5111111111111111
55-60%,63,25,0.3968253968253968
60-65%,51,25,0.49019607843137253
65-70%,58,29,0.5
70-75%,30,18,0.6
75-80%,7,6,0.8571428571428571
