bet_side,bets,wins,losses,pushes,flat_profit,rec_profit,kelly_profit,flat_risk,rec_risk,kelly_risk,win_rate,flat_roi,rec_roi,kelly_roi
over,27,13,14,0,-1.0869,-4.2753499999999995,-2.0242470000000004,27.0,29.5,14.56,0.48148148148148145,-0.04025555555555555,-0.1449271186440678,-0.1390279532967033
under,23,13,10,0,2.7229,2.45885,2.012383,23.0,29.0,13.93,0.5652173913043478,0.11838695652173914,0.08478793103448276,0.14446396267049533
