bet_side,bets,wins,losses,pushes,flat_profit,rec_profit,kelly_profit,flat_risk,rec_risk,kelly_risk,win_rate,flat_roi,rec_roi,kelly_roi
over,82,37,45,0,-9.2944,-11.632900000000001,-6.1007560000000005,82.0,87.5,42.4,0.45121951219512196,-0.11334634146341463,-0.13294742857142858,-0.14388575471698115
under,86,50,36,0,11.2256,14.786550000000002,8.484374,86.0,109.0,53.26,0.5813953488372093,0.13053023255813953,0.13565642201834865,0.15930105144573792
