bet_side,bets,wins,losses,pushes,flat_profit,rec_profit,kelly_profit,flat_risk,rec_risk,kelly_risk,win_rate,flat_roi,rec_roi,kelly_roi
over,41,17,24,0,-7.541,-9.1543,-4.523759,41.0,45.0,22.37,0.4146341463414634,-0.18392682926829268,-0.20342888888888888,-0.20222436298614216
under,32,18,14,0,3.9358000000000004,1.4153000000000004,1.42084,32.0,40.0,19.26,0.5625,0.12299375000000001,0.03538250000000001,0.07377154724818276
