bet_side,bets,wins,losses,pushes,flat_profit,rec_profit,kelly_profit,flat_risk,rec_risk,kelly_risk,win_rate,flat_roi,rec_roi,kelly_roi
over,109,45,64,0,-20.6414,-19.8058,-9.950516,109.0,116.5,55.36,0.41284403669724773,-0.18937064220183486,-0.17000686695278971,-0.17974197976878614
under,114,66,48,0,13.052200000000001,17.50935,8.970362000000002,114.0,144.5,70.6,0.5789473684210527,0.11449298245614035,0.12117197231833911,0.12705895184135982
