metric,value
total_bets,81.0
wins,40.0
losses,41.0
pushes,0.0
win_rate,0.49382716049382713
flat_profit,-1.538499999999999
flat_roi,-0.018993827160493817
recommended_profit,-3.9247999999999976
recommended_roi,-0.04197647058823527
kelly_profit,-1.6495299999999986
kelly_roi,-0.036277325709258824
