line,bets,wins,losses,pushes,flat_profit,rec_profit,kelly_profit,flat_risk,rec_risk,kelly_risk,win_rate,flat_roi,rec_roi,kelly_roi
3.5,20,8,12,0,-4.1759,-2.68395,-2.064639,20.0,20.0,10.79,0.4,-0.208795,-0.1341975,-0.1913474513438369
4.5,25,10,15,0,-4.5343,-8.212150000000001,-3.678401,25.0,28.5,12.91,0.4,-0.181372,-0.28814561403508776,-0.2849264910921766
5.5,19,12,7,0,4.9543,4.01905,2.4704800000000002,19.0,23.0,11.05,0.631578947368421,0.26075263157894735,0.1747413043478261,0.22357285067873303
6.5,11,5,6,0,-0.6909000000000001,0.8782000000000001,0.43506299999999987,11.0,15.5,7.01,0.45454545454545453,-0.06280909090909091,0.056658064516129036,0.062063195435092706
7.5,6,5,1,0,2.9083,2.07405,1.187967,6.0,6.5,3.71,0.8333333333333334,0.4847166666666667,0.3190846153846154,0.3202067385444744
