bet_side,bets,wins,losses,pushes,flat_profit,rec_profit,kelly_profit,flat_risk,rec_risk,kelly_risk,win_rate,flat_roi,rec_roi,kelly_roi
over,57,24,33,0,-10.0055,-11.259350000000001,-5.729701,57.0,61.0,30.240000000000002,0.42105263157894735,-0.17553508771929824,-0.18457950819672134,-0.1894742394179894
under,60,34,26,0,6.5742,10.117,5.727816000000001,60.0,73.5,35.910000000000004,0.5666666666666667,0.10957,0.13764625850340137,0.1595047619047619
