line,bets,wins,losses,pushes,flat_profit,rec_profit,kelly_profit,flat_risk,rec_risk,kelly_risk,win_rate,flat_roi,rec_roi,kelly_roi
3.5,25,9,16,0,-7.4067,-7.29935,-4.3300350000000005,25.0,25.5,13.71,0.36,-0.296268,-0.2862490196078431,-0.31583041575492343
4.5,35,15,20,0,-4.3849,-8.387450000000001,-3.560359,35.0,39.0,17.54,0.42857142857142855,-0.12528285714285714,-0.21506282051282055,-0.2029851197263398
5.5,32,18,14,0,3.3264000000000005,5.460300000000001,2.7437040000000006,32.0,37.0,17.63,0.5625,0.10395000000000001,0.1475756756756757,0.15562699943278507
6.5,17,9,8,0,0.3913,3.5415,1.8644189999999998,17.0,22.5,11.11,0.5294117647058824,0.023017647058823528,0.1574,0.1678144914491449
7.5,8,7,1,0,4.6426,5.54265,3.280386,8.0,10.5,6.16,0.875,0.580325,0.5278714285714285,0.5325301948051948
