bet_side,bets,wins,losses,pushes,flat_profit,rec_profit,kelly_profit,flat_risk,rec_risk,kelly_risk,win_rate,flat_roi,rec_roi,kelly_roi
over,76,35,41,0,-7.5359,-8.374400000000001,-4.523356000000001,76.0,80.0,39.24,0.4605263157894737,-0.09915657894736842,-0.10468000000000002,-0.11527410805300714
under,78,46,32,0,11.658900000000001,14.554650000000002,7.962309,78.0,100.0,48.76,0.5897435897435898,0.14947307692307693,0.14554650000000002,0.1632959187858901
