edge_bucket,bets,wins,losses,pushes,avg_edge,flat_profit,rec_profit,kelly_profit,flat_risk,rec_risk,kelly_risk,win_rate,flat_roi,rec_roi,kelly_roi
0-5%,0,0,0,0,,0.0,0.0,0.0,0.0,0.0,0.0,,,,
5-7.5%,11,5,6,0,0.06278181818181817,-0.26280000000000014,-0.13140000000000007,-0.6319560000000001,11.0,5.5,3.61,0.45454545454545453,-0.023890909090909105,-0.023890909090909105,-0.17505706371191138
7.5-10%,8,5,3,0,0.0894125,1.6648,1.6648,0.9470480000000001,8.0,8.0,3.67,0.625,0.2081,0.2081,0.25805122615803816
10-15%,6,3,3,0,0.1178,-0.3327000000000002,-0.4990500000000002,0.010676999999999714,6.0,9.0,3.87,0.5,-0.055450000000000034,-0.05545000000000003,0.0027589147286820968
15%+,4,1,3,0,0.197975,-1.84,-3.68,-1.6320000000000001,4.0,8.0,3.9000000000000004,0.25,-0.46,-0.46,-0.41846153846153844
