line,bets,wins,losses,pushes,flat_profit,rec_profit,kelly_profit,flat_risk,rec_risk,kelly_risk,win_rate,flat_roi,rec_roi,kelly_roi
3.5,43,17,26,0,-9.4461,-10.68535,-6.030919,43.0,46.0,23.0,0.3953488372093023,-0.2196767441860465,-0.23229021739130434,-0.26221386956521736
4.5,55,26,29,0,-1.9817000000000005,-2.6411500000000006,-1.7336260000000006,55.0,57.0,25.97,0.4727272727272727,-0.0360309090909091,-0.04633596491228071,-0.06675494801694265
5.5,51,27,24,0,1.0599000000000005,2.148300000000001,2.1260600000000003,51.0,60.0,28.16,0.5294117647058824,0.02078235294117648,0.03580500000000002,0.07549928977272728
6.5,33,18,15,0,0.5197000000000003,3.8235,2.113483,33.0,42.5,21.87,0.5454545454545454,0.015748484848484855,0.08996470588235295,0.0966384545038866
7.5,14,10,4,0,4.1749,7.1974,4.0855060000000005,14.0,19.0,10.31,0.7142857142857143,0.29820714285714284,0.3788105263157895,0.3962663433559651
