edge_bucket,bets,wins,losses,pushes,avg_edge,flat_profit,rec_profit,kelly_profit,flat_risk,rec_risk,kelly_risk,win_rate,flat_roi,rec_roi,kelly_roi
0-5%,0,0,0,0,,0.0,0.0,0.0,0.0,0.0,0.0,,,,
5-7.5%,71,34,37,0,0.06318591549295775,-4.8362,-2.4181,-2.0333130000000006,71.0,35.5,23.76,0.4788732394366197,-0.06811549295774648,-0.06811549295774648,-0.08557714646464648
7.5-10%,47,20,27,0,0.08786382978723405,-7.447299999999999,-7.447299999999999,-3.5635399999999997,47.0,47.0,21.45,0.425531914893617,-0.15845319148936168,-0.15845319148936168,-0.16613240093240092
10-15%,63,35,28,0,0.1204920634920635,3.6393000000000004,5.45895,3.5096249999999993,63.0,94.5,40.48,0.5555555555555556,0.057766666666666674,0.05776666666666666,0.0867002223320158
15%+,42,22,20,0,0.18473809523809526,1.0550000000000002,2.1100000000000003,1.1070740000000008,42.0,84.0,40.27,0.5238095238095238,0.025119047619047624,0.025119047619047624,0.02749128383411971
