edge_bucket,bets,wins,losses,pushes,avg_edge,flat_profit,rec_profit,kelly_profit,flat_risk,rec_risk,kelly_risk,win_rate,flat_roi,rec_roi,kelly_roi
0-5%,0,0,0,0,,0.0,0.0,0.0,0.0,0.0,0.0,,,,
5-7.5%,61,32,29,0,0.06320655737704918,0.9238,0.4619,-0.06291300000000061,61.0,30.5,20.48,0.5245901639344263,0.015144262295081966,0.015144262295081966,-0.0030719238281250298
7.5-10%,40,18,22,0,0.0876275,-4.5473,-4.5473,-2.35694,40.0,40.0,18.48,0.45,-0.11368249999999999,-0.11368249999999999,-0.1275400432900433
10-15%,42,20,22,0,0.12122857142857142,-3.6967,-5.54505,-1.5910550000000003,42.0,63.0,27.19,0.47619047619047616,-0.08801666666666666,-0.08801666666666666,-0.05851618242000736
15%+,37,21,16,0,0.1850972972972973,4.4056,8.8112,4.514168000000001,37.0,74.0,35.23,0.5675675675675675,0.11907027027027026,0.11907027027027026,0.1281342038035765
