line,bets,wins,losses,pushes,flat_profit,rec_profit,kelly_profit,flat_risk,rec_risk,kelly_risk,win_rate,flat_roi,rec_roi,kelly_roi
3.5,12,6,6,0,0.12309999999999999,-0.14255000000000007,-0.500367,12.0,12.0,6.49,0.5,0.010258333333333333,-0.011879166666666672,-0.07709815100154083
4.5,16,6,10,0,-3.6844,-7.404400000000001,-3.238752,16.0,18.5,8.15,0.375,-0.230275,-0.4002378378378379,-0.39739288343558277
5.5,11,6,5,0,0.7365,0.5201500000000003,1.0554630000000005,11.0,13.0,6.49,0.5454545454545454,0.06695454545454546,0.04001153846153849,0.16262912172573196
6.5,6,4,2,0,2.4,3.56,1.7295999999999998,6.0,9.0,3.94,0.6666666666666666,0.39999999999999997,0.39555555555555555,0.438984771573604
7.5,5,4,1,0,2.0608,1.6503,0.942192,5.0,6.0,3.42,0.8,0.41215999999999997,0.27505,0.2754947368421053
