edge_bucket,bets,wins,losses,pushes,avg_edge,flat_profit,rec_profit,kelly_profit,flat_risk,rec_risk,kelly_risk,win_rate,flat_roi,rec_roi,kelly_roi
0-5%,0,0,0,0,,0.0,0.0,0.0,0.0,0.0,0.0,,,,
5-7.5%,42,22,20,0,0.06372380952380953,1.5067,0.75335,-0.03716500000000045,42.0,21.0,14.040000000000001,0.5238095238095238,0.03587380952380952,0.03587380952380952,-0.002647079772079804
7.5-10%,29,13,16,0,0.08817931034482758,-3.6555999999999997,-3.6555999999999997,-1.77508,29.0,29.0,13.51,0.4482758620689655,-0.1260551724137931,-0.1260551724137931,-0.1313900814211695
10-15%,32,16,16,0,0.12225625,-1.3781999999999996,-2.0672999999999995,-0.38824800000000026,32.0,48.0,21.04,0.5,-0.04306874999999999,-0.04306874999999999,-0.01845285171102663
15%+,24,13,11,0,0.18815416666666665,1.2562000000000002,2.5124000000000004,2.1270740000000012,24.0,48.0,23.43,0.5416666666666666,0.052341666666666675,0.052341666666666675,0.09078420827998299
