metric,value
total_bets,154.0
wins,81.0
losses,73.0
pushes,0.0
win_rate,0.525974025974026
flat_profit,4.123000000000003
flat_roi,0.026772727272727292
recommended_profit,6.180250000000003
recommended_roi,0.03433472222222224
kelly_profit,3.438953000000001
kelly_roi,0.03907901136363637
