edge_bucket,bets,wins,losses,pushes,avg_edge,flat_profit,rec_profit,kelly_profit,flat_risk,rec_risk,kelly_risk,win_rate,flat_roi,rec_roi,kelly_roi
0-5%,0,0,0,0,,0.0,0.0,0.0,0.0,0.0,0.0,,,,
5-7.5%,67,33,34,0,0.06327611940298507,-2.8762,-1.4381,-1.4569130000000006,67.0,33.5,22.490000000000002,0.4925373134328358,-0.04292835820895522,-0.04292835820895522,-0.06478048021342821
7.5-10%,42,18,24,0,0.08774047619047619,-6.5473,-6.5473,-3.22694,42.0,42.0,19.35,0.42857142857142855,-0.15588809523809524,-0.15588809523809524,-0.16676692506459947
10-15%,50,26,24,0,0.12056599999999999,-0.6553999999999995,-0.9830999999999999,0.7301889999999995,50.0,75.0,32.24,0.52,-0.013107999999999991,-0.013107999999999998,0.022648542183622812
15%+,37,21,16,0,0.1850972972972973,4.4056,8.8112,4.514168000000001,37.0,74.0,35.23,0.5675675675675675,0.11907027027027026,0.11907027027027026,0.1281342038035765
