metric,value
total_bets,176.0
wins,89.0
losses,87.0
pushes,0.0
win_rate,0.5056818181818182
flat_profit,-2.8169999999999984
flat_roi,-0.016005681818181808
recommended_profit,-2.220449999999998
recommended_roi,-0.010911302211302201
kelly_profit,0.09808400000000006
kelly_roi,0.0009868598450548352
