metric,value
total_bets,180.0
wins,91.0
losses,89.0
pushes,0.0
win_rate,0.5055555555555555
flat_profit,-2.9145999999999983
flat_roi,-0.016192222222222212
recommended_profit,-0.8192499999999985
recommended_roi,-0.00394819277108433
kelly_profit,0.5032600000000005
kelly_roi,0.004964095482343662
