edge_bucket,bets,wins,losses,pushes,avg_edge,flat_profit,rec_profit,kelly_profit,flat_risk,rec_risk,kelly_risk,win_rate,flat_roi,rec_roi,kelly_roi
0-5%,0,0,0,0,,0.0,0.0,0.0,0.0,0.0,0.0,,,,
5-7.5%,80,41,39,0,0.06313375,-0.16479999999999995,0.4176,-0.5710050000000007,80.0,40.5,26.65,0.5125,-0.0020599999999999993,0.010311111111111111,-0.021426078799249557
7.5-10%,53,21,32,0,0.08794905660377358,-11.2873,-11.2873,-5.28154,53.0,53.0,24.14,0.39622641509433965,-0.21296792452830188,-0.21296792452830188,-0.21878790389395192
10-15%,69,38,31,0,0.12094782608695652,3.1855000000000007,4.77825,3.2745899999999994,69.0,103.5,44.43,0.5507246376811594,0.046166666666666675,0.04616666666666667,0.07370222822417284
15%+,48,24,24,0,0.185725,-0.7077999999999998,-1.4155999999999995,-0.18258199999999913,48.0,96.0,45.74,0.5,-0.014745833333333328,-0.014745833333333328,-0.003991735898557043
