bet_side,bets,wins,losses,pushes,flat_profit,rec_profit,kelly_profit,flat_risk,rec_risk,kelly_risk,win_rate,flat_roi,rec_roi,kelly_roi
over,17,7,10,0,-2.9013,-4.07695,-2.493319,17.0,17.0,8.7,0.4117647058823529,-0.17066470588235294,-0.23982058823529412,-0.28658839080459775
under,12,7,5,0,2.1306,1.4312999999999998,1.1870879999999997,12.0,13.5,6.35,0.5833333333333334,0.17754999999999999,0.10602222222222221,0.18694299212598423
