line,bets,wins,losses,pushes,flat_profit,rec_profit,kelly_profit,flat_risk,rec_risk,kelly_risk,win_rate,flat_roi,rec_roi,kelly_roi
3.5,46,19,27,0,-8.977,-8.9817,-5.247260000000001,46.0,49.5,24.92,0.41304347826086957,-0.1951521739130435,-0.18144848484848486,-0.2105642054574639
4.5,64,30,34,0,-2.8342,-2.949900000000001,-2.477901,64.0,68.5,31.5,0.46875,-0.044284375,-0.043064233576642345,-0.07866352380952381
5.5,61,32,29,0,1.3033000000000006,1.9534000000000014,1.9503640000000004,61.0,72.5,33.0,0.5245901639344263,0.02136557377049181,0.02694344827586209,0.05910193939393941
6.5,37,19,18,0,-1.9055999999999997,-0.8144499999999999,0.06623099999999982,37.0,49.5,25.24,0.5135135135135135,-0.0515027027027027,-0.016453535353535352,0.002624049128367663
7.5,15,11,4,0,4.8243,8.4962,4.7284120000000005,15.0,21.0,11.3,0.7333333333333333,0.32162,0.4045809523809524,0.41844353982300886
