line,bets,wins,losses,pushes,flat_profit,rec_profit,kelly_profit,flat_risk,rec_risk,kelly_risk,win_rate,flat_roi,rec_roi,kelly_roi
3.5,41,17,24,0,-7.4460999999999995,-9.18535,-5.220919,41.0,44.5,22.19,0.4146341463414634,-0.1816121951219512,-0.20641235955056178,-0.23528251464623703
4.5,49,23,26,0,-2.2546000000000004,-4.850500000000001,-2.1721790000000007,49.0,52.0,23.58,0.46938775510204084,-0.046012244897959194,-0.09327884615384617,-0.09211955046649707
5.5,46,25,21,0,2.4655000000000005,3.7567000000000013,2.4888250000000003,46.0,53.0,25.34,0.5434782608695652,0.05359782608695653,0.07088113207547173,0.09821724546172061
6.5,30,16,14,0,0.14570000000000016,2.2625,1.3220269999999998,30.0,39.0,19.96,0.5333333333333333,0.004856666666666672,0.058012820512820515,0.06623381763527053
7.5,14,10,4,0,4.1749,7.1974,4.0855060000000005,14.0,19.0,10.31,0.7142857142857143,0.29820714285714284,0.3788105263157895,0.3962663433559651
