edge_bucket,bets,wins,losses,pushes,avg_edge,flat_profit,rec_profit,kelly_profit,flat_risk,rec_risk,kelly_risk,win_rate,flat_roi,rec_roi,kelly_roi
0-5%,0,0,0,0,,0.0,0.0,0.0,0.0,0.0,0.0,,,,
5-7.5%,81,42,39,0,0.06321604938271605,0.4931000000000001,0.74655,-0.28152900000000064,81.0,41.0,27.09,0.5185185185185185,0.006087654320987655,0.018208536585365854,-0.010392358803986734
7.5-10%,60,23,37,0,0.08795333333333333,-14.5023,-14.5023,-6.85469,60.0,60.0,27.46,0.38333333333333336,-0.241705,-0.241705,-0.24962454479242532
10-15%,72,39,33,0,0.1208138888888889,1.9101000000000008,2.8651500000000003,2.5828259999999994,72.0,108.0,46.26,0.5416666666666666,0.026529166666666677,0.02652916666666667,0.055832814526588836
15%+,49,25,24,0,0.1867265306122449,0.21810000000000018,0.43620000000000037,0.9470160000000007,49.0,98.0,46.96,0.5102040816326531,0.004451020408163269,0.004451020408163269,0.020166439522998313
