bet_side,bets,wins,losses,pushes,flat_profit,rec_profit,kelly_profit,flat_risk,rec_risk,kelly_risk,win_rate,flat_roi,rec_roi,kelly_roi
over,115,50,65,0,-16.2008,-15.2297,-7.435548000000001,115.0,123.5,58.79,0.43478260869565216,-0.14087652173913046,-0.12331740890688259,-0.12647640755230483
under,120,70,50,0,15.0356,17.661050000000003,8.78782,120.0,151.5,74.17,0.5833333333333334,0.12529666666666667,0.1165745874587459,0.1184821356343535
