line,bets,wins,losses,pushes,flat_profit,rec_profit,kelly_profit,flat_risk,rec_risk,kelly_risk,win_rate,flat_roi,rec_roi,kelly_roi
3.5,39,17,22,0,-5.4460999999999995,-7.18535,-4.2109190000000005,39.0,42.5,21.18,0.4358974358974359,-0.13964358974358973,-0.1690670588235294,-0.19881581680830976
4.5,46,21,25,0,-3.1570000000000005,-6.251700000000001,-2.8373550000000005,46.0,48.0,21.85,0.45652173913043476,-0.0686304347826087,-0.13024375000000002,-0.12985606407322656
5.5,44,25,19,0,4.4655000000000005,5.756700000000001,3.4288250000000007,44.0,51.0,24.4,0.5681818181818182,0.10148863636363638,0.11287647058823531,0.1405256147540984
6.5,27,14,13,0,-0.10609999999999997,2.1366,1.047561,27.0,37.5,18.79,0.5185185185185185,-0.003929629629629628,0.056976,0.05575098456625865
7.5,12,10,2,0,6.1749,8.6974,4.955506,12.0,17.5,9.44,0.8333333333333334,0.514575,0.4969942857142857,0.5249476694915254
