bet_side,bets,wins,losses,pushes,flat_profit,rec_profit,kelly_profit,flat_risk,rec_risk,kelly_risk,win_rate,flat_roi,rec_roi,kelly_roi
over,125,55,70,0,-16.8579,-15.83245,-7.899091000000001,125.0,133.5,63.32,0.44,-0.13486320000000002,-0.11859513108614232,-0.12474875236891979
under,132,72,60,0,6.3264000000000005,5.939350000000001,4.224880000000001,132.0,166.5,81.03,0.5454545454545454,0.04792727272727273,0.035671771771771776,0.052139701345180804
