bet_side,bets,wins,losses,pushes,flat_profit,rec_profit,kelly_profit,flat_risk,rec_risk,kelly_risk,win_rate,flat_roi,rec_roi,kelly_roi
over,96,41,55,0,-15.2305,-15.68945,-8.145375000000001,96.0,101.0,48.77,0.4270833333333333,-0.15865104166666666,-0.1553410891089109,-0.16701609596063155
under,100,57,43,0,9.5572,15.532150000000001,8.705879000000001,100.0,123.5,60.54,0.57,0.095572,0.1257663967611336,0.14380374958704992
