bet_side,bets,wins,losses,pushes,flat_profit,rec_profit,kelly_profit,flat_risk,rec_risk,kelly_risk,win_rate,flat_roi,rec_roi,kelly_roi
over,30,14,16,0,-2.402,-6.4329,-3.0202870000000006,30.0,32.5,16.23,0.4666666666666667,-0.08006666666666667,-0.19793538461538462,-0.18609285274183615
under,26,16,10,0,5.8558,4.5353,3.0608400000000002,26.0,31.0,14.950000000000001,0.6153846153846154,0.22522307692307694,0.1463,0.20473846153846154
