metric,value
total_bets,257.0
wins,127.0
losses,130.0
pushes,0.0
win_rate,0.49416342412451364
flat_profit,-10.5315
flat_roi,-0.04097859922178988
recommended_profit,-9.8931
recommended_roi,-0.032977
kelly_profit,-3.6742109999999997
kelly_roi,-0.025453488049878764
