line,bets,wins,losses,pushes,flat_profit,rec_profit,kelly_profit,flat_risk,rec_risk,kelly_risk,win_rate,flat_roi,rec_roi,kelly_roi
3.5,27,9,18,0,-9.4067,-9.79935,-5.450035,27.0,28.0,14.83,0.3333333333333333,-0.3483962962962963,-0.34997678571428575,-0.36750067430883343
4.5,35,15,20,0,-4.3849,-8.387450000000001,-3.560359,35.0,39.0,17.54,0.42857142857142855,-0.12528285714285714,-0.21506282051282055,-0.2029851197263398
5.5,37,22,15,0,5.7064,6.374900000000001,3.7389100000000006,37.0,41.5,20.21,0.5945945945945946,0.15422702702702704,0.1536120481927711,0.18500296882731324
6.5,20,11,9,0,1.1717,3.8121,1.917679,20.0,27.0,13.28,0.55,0.058585,0.1411888888888889,0.14440353915662651
7.5,8,7,1,0,4.6426,5.54265,3.280386,8.0,10.5,6.16,0.875,0.580325,0.5278714285714285,0.5325301948051948
