bet_side,bets,wins,losses,pushes,flat_profit,rec_profit,kelly_profit,flat_risk,rec_risk,kelly_risk,win_rate,flat_roi,rec_roi,kelly_roi
over,60,25,35,0,-11.3298,-13.4215,-6.545636000000001,60.0,64.0,31.81,0.4166666666666667,-0.18883,-0.2097109375,-0.20577290160326944
under,67,39,28,0,9.058900000000001,10.964350000000001,6.4722170000000006,67.0,82.0,40.21,0.582089552238806,0.1352074626865672,0.13371158536585367,0.16096038298930615
