metric,value
total_bets,29.0
wins,14.0
losses,15.0
pushes,0.0
win_rate,0.4827586206896552
flat_profit,-0.7707000000000002
flat_roi,-0.026575862068965523
recommended_profit,-2.64565
recommended_roi,-0.08674262295081966
kelly_profit,-1.306231
kelly_roi,-0.08679275747508305
