line,bets,wins,losses,pushes,flat_profit,rec_profit,kelly_profit,flat_risk,rec_risk,kelly_risk,win_rate,flat_roi,rec_roi,kelly_roi
3.5,35,15,20,0,-5.6876,-5.42685,-3.363519,35.0,36.5,18.75,0.42857142857142855,-0.16250285714285714,-0.1486808219178082,-0.17938768000000002
4.5,42,19,23,0,-3.1062000000000003,-6.610900000000001,-2.9836150000000004,42.0,45.5,20.5,0.4523809523809524,-0.07395714285714286,-0.1452945054945055,-0.14554219512195124
5.5,43,25,18,0,5.4655000000000005,6.756700000000001,3.8588250000000004,43.0,50.0,23.97,0.5813953488372093,0.1271046511627907,0.13513400000000003,0.16098560700876097
6.5,24,13,11,0,1.1693000000000002,3.0497000000000005,1.327159,24.0,34.0,17.009999999999998,0.5416666666666666,0.048720833333333345,0.08969705882352942,0.07802228101116991
7.5,10,9,1,0,6.282,8.4116,4.600103,10.0,14.0,7.7700000000000005,0.9,0.6282,0.6008285714285714,0.5920338481338481
