metric,value
total_bets,202.0
wins,102.0
losses,100.0
pushes,0.0
win_rate,0.504950495049505
flat_profit,-4.589499999999999
flat_roi,-0.022720297029702966
recommended_profit,-0.24689999999999657
recommended_roi,-0.0010551282051281905
kelly_profit,0.8989569999999989
kelly_roi,0.007896670765987341
